{
  "sharpe_ratio": 2.45,
  "sortino_ratio": 3.62,
  "max_drawdown": 0.010535395027442558,
  "win_rate": 0.615,
  "profit_factor": 1.74,
  "total_trades": 15,
  "net_profit": 451.0243195432413,
  "total_return": 0.004510243195432413
}